<?xml version="1.0" encoding="utf-8"?><prefix name="piwik" label="Piwik" language_tag="en" language_label="English"><key name="admin_index_heading"><value>Piwik Tracking Settings</value></key><key name="admin_index_site_id_save_error_message"><value>Please submit valid value</value></key><key name="admin_index_site_id_save_success_message"><value>Settings updated</value></key><key name="admin_index_site_url_save_error_message"><value>Please submit valid value</value></key><key name="admin_index_site_url_save_success_message"><value>Settings updated</value></key><key name="admin_notification_text"><value>&lt;i&gt;Piwik &lt;/i&gt; plugin should be configured to work properly. &lt;a href="{$link}"&gt;Go to settings page.&lt;/a&gt;</value></key><key name="admin_settings_section_label"><value>Settings</value></key><key name="admin_settings_site_id_desc"><value>This is how Piwik identifies your site. &lt;a href="http://piwik.org/docs/javascript-tracking" target="_blank"&gt;Read more&lt;/a&gt;</value></key><key name="admin_settings_site_id_label"><value>Piwik ID</value></key><key name="admin_settings_site_url_desc"><value>This is the path to your Piwik installation. Use the following format: http://piwik.yoursite.com/</value></key><key name="admin_settings_site_url_label"><value>Piwik URL</value></key><key name="admin_sidebar_menu_label"><value>Piwik</value></key></prefix>

